id,text,date,hashtags,rt_count,media,ext_media,place,lang,fav_count,source,Creator
1.51943E+18,Watch Dragon and the Crew-4 astronauts dock with the @space_station ‚Üí https://t.co/X7abHvGtMp  https://t.co/d6l9cjPCgl,2022-04-27 21:46:13+00:00,,459,,,,en,2202,Twitter Media Studio,SpaceX
1.51942E+18,"RT @NASA: Roads? Where they're going, they don't need roads. Check in LIVE with the astronauts of #Crew4 and see inside their @SpaceX Drago‚Ä¶",2022-04-27 20:46:41+00:00,Crew4,403,,,,en,0,Twitter Web App,SpaceX
1.51923E+18,"During their 16 hour flight to the @space_station, Dragon and the Crew-4 astronauts will orbit the Earth ~10 times https://t.co/bMeApzAhuy",2022-04-27 08:09:38+00:00,,603,photo,photo,,en,6219,Twitter Web App,SpaceX
1.51923E+18,Crew-4 on orbit https://t.co/pNlRTTdSYE,2022-04-27 08:07:56+00:00,,6123,photo,video,,en,67300,Twitter Media Studio - LiveCut,SpaceX
1.51923E+18,Dragon will perform a series of burns on its way to the @space_station for a targeted docking at 8:15 p.m. ET tonight https://t.co/DJV1Cn1wTH,2022-04-27 08:06:44+00:00,,325,photo,photo,,en,3005,Twitter Web App,SpaceX
1.51923E+18,Dragon has separated from Falcon 9‚Äôs second stage,2022-04-27 08:06:43+00:00,,295,,,,en,5163,Twitter Web App,SpaceX
1.51923E+18,Falcon 9‚Äôs first stage booster has landed on the A Shortfall of Gravitas droneship https://t.co/vaTkyWpCD5,2022-04-27 08:03:29+00:00,,1144,photo,video,,en,8951,Twitter Media Studio - LiveCut,SpaceX
1.51923E+18,First stage entry burn complete,2022-04-27 08:02:10+00:00,,421,,,,en,9569,Twitter Web App,SpaceX
1.51922E+18,Main engine cutoff and stage separation confirmed. Second stage engine burn underway,2022-04-27 07:55:57+00:00,,275,,,,en,4716,Twitter Web App,SpaceX
1.51922E+18,Liftoff of Falcon 9 and Dragon! https://t.co/sfKAOpBtU6,2022-04-27 07:54:48+00:00,,1629,photo,video,,en,9433,Twitter Media Studio - LiveCut,SpaceX
1.51921E+18,T-35 minutes until liftoff; propellant loading of Falcon 9 has begun and Dragon‚Äôs escape system is armed,2022-04-27 07:18:27+00:00,,414,,,,en,5494,Twitter Web App,SpaceX
1.51921E+18,Crew-4 is go for launch https://t.co/5ZY2K5VFEo,2022-04-27 07:08:46+00:00,,1672,photo,video,,en,19745,Twitter Web App,SpaceX
1.51918E+18,Astronauts arrive at Launch Complex 39A ahead of flight https://t.co/fKuuZSl1fy,2022-04-27 04:55:45+00:00,,2444,photo,video,,en,29072,Twitter Media Studio - LiveCut,SpaceX
1.51916E+18,Watch Falcon 9 launch Dragon and the Crew-4 astronauts to the @space_station ‚Üí https://t.co/X7abHvGtMp  https://t.co/IhWE5Ta6lv,2022-04-27 04:00:22+00:00,,3198,,,,en,22383,Twitter Media Studio,SpaceX
1.51905E+18,"RT @elonmusk: Raptor 2 rocket engines at Starbase, each producing over half a million pounds (230 tons) of force https://t.co/9ixxXXceG3",2022-04-26 20:21:35+00:00,,21669,photo,photo,,en,0,Twitter Web App,SpaceX
1.51892E+18,Weather is 90% favorable for tomorrow‚Äôs Falcon 9 launch of Dragon and the Crew-4 astronauts. Webcast will go live at 12:00 a.m. ET ‚Üí https://t.co/X7abHvGtMp https://t.co/oyB2bz6tuU,2022-04-26 11:59:43+00:00,,4434,photo,photo,,en,55212,Twitter Web App,SpaceX
1.51874E+18,"Up next ‚Äì targeting Wednesday, April 27 for Dragon‚Äôs fourth science expedition mission to the @space_station ‚Üí https://t.co/X7abHvGtMp https://t.co/N4Jtm8aXWe",2022-04-25 23:46:32+00:00,,876,photo,video,,en,8687,Twitter Web App,SpaceX
1.51873E+18,RT @Axiom_Space: #Ax1: The First All-Private Crew to the @Space_Station https://t.co/Ud4E81YePy,2022-04-25 23:26:16+00:00,Ax1,568,photo,"photo, photo, photo, photo",,en,0,Twitter Web App,SpaceX
1.51869E+18,"RT @HawaiianAir: We're proud to be the 1st major U.S. airline to select @SpaceX‚Äôs Starlink, which will provide the best internet connectivi‚Ä¶",2022-04-25 20:30:22+00:00,,715,,,,en,0,Twitter for iPhone,SpaceX
1.51864E+18,Splashdown of Dragon confirmed https://t.co/m0C7GjwhYh,2022-04-25 17:06:44+00:00,,1273,photo,video,,en,11481,Twitter Media Studio - LiveCut,SpaceX
1.51864E+18,Main parachutes have deployed https://t.co/JSI6AIieJC,2022-04-25 17:04:55+00:00,,841,photo,video,,en,10691,Twitter Media Studio - LiveCut,SpaceX
1.51864E+18,Deployment of drogue parachutes complete,2022-04-25 17:04:04+00:00,,247,,,,en,4495,Twitter Web App,SpaceX
1.51864E+18,Dragon and the Ax-1 crew have reentered Earth's atmosphere,2022-04-25 17:00:10+00:00,,470,,,,en,7745,Twitter Web App,SpaceX
1.51863E+18,Nosecone closed for reentry,2022-04-25 16:34:25+00:00,,304,,,,en,6406,Twitter Web App,SpaceX
1.51863E+18,Dragon‚Äôs deorbit burn is complete; splashdown in ~40 minutes.,2022-04-25 16:27:33+00:00,,381,,,,en,5414,Twitter Web App,SpaceX
1.51863E+18,RT @Axiom_Space: First look at the #Ax1 crew as deorbit burn begins. https://t.co/ejDOCCxXDd,2022-04-25 16:22:20+00:00,Ax1,291,photo,animated_gif,,en,0,Twitter Web App,SpaceX
1.51862E+18,Dragon‚Äôs trunk has been jettisoned and deorbit burn will begin soon,2022-04-25 16:14:43+00:00,,276,,,,en,4445,Twitter Web App,SpaceX
1.51862E+18,Watch live as Dragon reenters the Earth‚Äôs atmosphere and and splashes down off the coast of Florida ‚Üí https://t.co/N3MHSxCS0k  https://t.co/542lAomPqA,2022-04-25 16:00:30+00:00,,1006,,,,en,6818,Twitter Media Studio,SpaceX
1.5184E+18,Separation confirmed. Dragon will now perform four burns to move away from the @space_station; will reenter the Earth's atmosphere in ~16 hours with a targeted splashdown at approximately 1:06 p.m. ET on April 25 ‚Üí https://t.co/N3MHSxCS0k,2022-04-25 01:10:43+00:00,,513,,,,en,5010,Twitter Web App,SpaceX
1.5184E+18,Dragon is go to undock from the @space_station,2022-04-25 01:04:13+00:00,,401,,,,en,6011,Twitter Web App,SpaceX
1.51839E+18,Vestibule leak check complete,2022-04-25 00:56:48+00:00,,232,,,,en,4658,Twitter Web App,SpaceX
1.51839E+18,Vestibule leak check is in progress; Dragon will now undock from the @space_station at 9:15 p.m. ET,2022-04-25 00:50:17+00:00,,191,,,,en,2639,Twitter Web App,SpaceX
1.51839E+18,Watch Dragon and the Ax-1 astronauts depart the @space_station and return to Earth ‚Üí https://t.co/N3MHSxCS0k  https://t.co/JJxgD3B1rc,2022-04-25 00:30:36+00:00,,4757,,,,en,43998,Twitter Media Studio,SpaceX
1.51837E+18,"RT @NASA: We're live on NASA TV as @SpaceX's Dragon Endeavour and #Ax1 crew prepare to depart from the @Space_Station.

Hatch closure is sc‚Ä¶",2022-04-24 23:08:56+00:00,Ax1,528,,,,en,0,Twitter for iPhone,SpaceX
1.51828E+18,"Weather is looking good off the coast of Florida for Dragon‚Äôs and the Ax-1 astronauts‚Äô return to Earth, departing from the @space_station tonight at ~8:55 p.m. ET‚Üí https://t.co/N3MHSxCS0k https://t.co/mUvyNNwiqL",2022-04-24 17:26:18+00:00,,797,photo,photo,,en,6721,Twitter Web App,SpaceX
1.51753E+18,"Happy Earth Day, Earthlings https://t.co/I8ivMuC4Ev",2022-04-22 15:52:25+00:00,,3177,photo,video,,en,21983,Twitter Web App,SpaceX
1.51725E+18,"RT @flyjsx: JSX is proud to be the first air carrier to adopt @SpaceX Starlink internet inflight, free for every Customer onboard. We‚Äôd cal‚Ä¶",2022-04-21 21:07:04+00:00,,631,,,,en,0,Twitter Web App,SpaceX
1.51722E+18,RT @elonmusk: @SpaceX Starlink satellites deployed into initial parking orbit https://t.co/73sOZkUJaJ,2022-04-21 19:29:57+00:00,,2065,photo,photo,,en,0,Twitter Web App,SpaceX
1.5172E+18,"Falcon 9‚Äôs first stage has landed on the Just Read the Instructions droneship, completing this booster‚Äôs 12th launch and landing https://t.co/6PV1bFRgar",2022-04-21 18:01:33+00:00,,5232,photo,video,,en,63927,Twitter Media Studio - LiveCut,SpaceX
1.5172E+18,Liftoff! https://t.co/mSA8WD2TTo,2022-04-21 17:52:29+00:00,,2219,photo,video,,en,24316,Twitter Media Studio - LiveCut,SpaceX
1.5172E+18,Watch Falcon 9 launch 53 Starlink satellites to orbit ‚Üí https://t.co/P14Aqhp22B https://t.co/s0ZaU8ZLUo,2022-04-21 17:44:09+00:00,,2872,,,,en,24986,Twitter Media Studio,SpaceX
1.51714E+18,"Due to weather, now targeting 1:51 p.m. ET for today‚Äôs launch of Starlink",2022-04-21 14:07:16+00:00,,524,,,,en,5425,Twitter Web App,SpaceX
1.51692E+18,"Falcon 9‚Äôs first stage supporting this mission previously launched GPS III-3, Turksat 5A, Transporter-2, and eight Starlink missions",2022-04-20 23:06:45+00:00,,158,,,,en,2517,Twitter Web App,SpaceX
1.51692E+18,"Targeting tomorrow, April 21 for a Falcon 9 launch of 53 Starlink satellites to orbit from SLC-40 in Florida ‚Üí https://t.co/P14Aqhp22B",2022-04-20 23:06:45+00:00,,542,,,,en,5109,Twitter Web App,SpaceX
1.51678E+18,Static fire test of Falcon 9 complete ahead of the Crew-4 mission to the @space_station,2022-04-20 14:12:28+00:00,,406,,,,en,5850,Twitter Web App,SpaceX
1.51676E+18,"Crew-4 astronauts, SpaceX, and @NASA completed a full rehearsal of launch day activities https://t.co/b6AtNdJMxT",2022-04-20 13:04:19+00:00,,897,photo,"photo, photo",,en,10542,Twitter Web App,SpaceX
1.51643E+18,Falcon 9 and Dragon rolling out of the hangar at Launch Complex 39A https://t.co/1Px79itrQJ,2022-04-19 14:57:56+00:00,,1414,photo,"photo, photo, photo",,en,14717,Twitter Web App,SpaceX
1.51914E+18,JA!!!!!!! üí™üèæ,2022-04-27 02:21:12+00:00,,8664,,,,und,126945,Twitter for iPhone,LBJ
1.51912E+18,üî•üî•üî•üî•üî•üî•üî•üî•üî•üî•üî•üî•üî• https://t.co/7VmK7RSOzu,2022-04-27 01:12:59+00:00,,535,,,,und,7575,Twitter for iPhone,LBJ
1.51885E+18,@djstephfloss Definitely pulling up to one of those dates!,2022-04-26 07:11:21+00:00,,52,,,,en,2142,Twitter for iPhone,LBJ
1.51876E+18,YESSIR @TheRealJRSmith!! Proud of you Kid!!! Love bro https://t.co/gqwOLnlcdw,2022-04-26 01:28:57+00:00,,3782,,,,en,83038,Twitter for iPhone,LBJ
1.51849E+18,@CuffsTheLegend ü§£ü§£ü§£ü§£ü§£ü§£ü§£ü§£ü§£ü§£ü§£ü§£ü§£ü§£ü§£ü§£ü§£ü§£ü§£ü§£ü§£ü§£ü§£ü§£ü§£ü§£,2022-04-25 07:11:46+00:00,,65,,,,und,3213,Twitter for iPhone,LBJ
1.51844E+18,@DWRIGHTWAY1 Makes no damn sense. Kids can‚Äôt even get a meal in before the game. Shit half of them probably ain‚Äôt even brush their teeth. Hahaha üò∑,2022-04-25 03:42:27+00:00,,49,,,,en,2413,Twitter for iPhone,LBJ
1.51823E+18,Man playing a game before noon should be outlawed! 8am game is insane!,2022-04-24 13:47:31+00:00,,2435,,,,en,78428,Twitter for iPhone,LBJ
1.51801E+18,Get one stop and its a 3 games series,2022-04-23 23:17:36+00:00,,988,,,,en,37375,Twitter for iPhone,LBJ
1.518E+18,LUKA!!!!!!!! üó£üó£üó£üó£üó£üó£üó£,2022-04-23 23:12:14+00:00,,3315,,,,in,42272,Twitter for iPhone,LBJ
1.51777E+18,@jj_redick üôèüèæ. Heard you have one damn good podcast too! May have to jump on with you sometime soon,2022-04-23 07:26:29+00:00,,1079,,,,en,41260,Twitter for iPhone,LBJ
1.51777E+18,@BJwhite Damn right!! 03 was simply INCREDIBLE,2022-04-23 07:23:44+00:00,,37,,,,en,1379,Twitter for iPhone,LBJ
1.51777E+18,POINT GOD you ain‚Äôt right! üòÇüòÇüòÇüòÇ,2022-04-23 07:22:13+00:00,,1515,,,,en,48007,Twitter for iPhone,LBJ
1.51766E+18,I can/will NOT miss the post season again for my career! This shit HURT. Ok back to watching these games.,2022-04-23 00:29:47+00:00,,18137,,,,en,220486,Twitter for iPhone,LBJ
1.51766E+18,@jaytatum0 @Dame_Lillard Facts for!! üî•üî•üî•üî•üî•üî• ass pic,2022-04-23 00:26:38+00:00,,275,,,,en,9616,Twitter for iPhone,LBJ
1.51766E+18,"Love hearing JJ Redick on the game! Smart, insightful dude. And low key/high key funny!",2022-04-23 00:26:17+00:00,,3147,,,,en,77032,Twitter for iPhone,LBJ
1.51737E+18,@KingJosiah54 üòÇüòÇüòÇüòÇüòÇüòÇüòÇüòÇ,2022-04-22 05:14:48+00:00,,149,,,,und,6792,Twitter for iPhone,LBJ
1.51735E+18,Spencer and Jalen dominated that game from the jump to the end. Big time Dub!!,2022-04-22 03:58:05+00:00,,1981,,,,en,41684,Twitter for iPhone,LBJ
1.5173E+18,The majority of Playoff games are won on how you close each quarter,2022-04-22 00:38:37+00:00,,3951,,,,en,90016,Twitter for iPhone,LBJ
1.5173E+18,The Pit Bull is balling right now! Locked in,2022-04-22 00:24:27+00:00,,819,,,,en,21289,Twitter for iPhone,LBJ
1.5169E+18,"RT @LJFamFoundation: Let's make today great, Promise Keepers! üí™üèæüëë ~ @KingJames https://t.co/WS43LgdJSd",2022-04-20 22:10:05+00:00,,192,photo,video,,en,0,Twitter for iPhone,LBJ
1.51663E+18,@DwyaneWade I see no lie told! They are 2 of the most skilled players of ALL-TIME,2022-04-20 04:18:02+00:00,,1812,,,,en,32155,Twitter for iPhone,LBJ
1.51941E+18,@everliz41 At least it'll be a dream vacation. üí≠,2022-04-27 20:30:19+00:00,,0,,,,en,1,Khoros CX,BB
1.51939E+18,@_Virgho_ So which one did you choose?,2022-04-27 19:15:30+00:00,,0,,,,en,0,Khoros CX,BB
1.51939E+18,@CyberLifeStorm Great selections.,2022-04-27 19:11:25+00:00,,0,,,,en,0,Khoros CX,BB
1.51939E+18,@Gixxermike158 Oh no!,2022-04-27 18:43:56+00:00,,0,,,,en,0,Khoros CX,BB
1.51939E+18,@ThirdGhear Or trying to clean the contacts with a rubber eraser.,2022-04-27 18:41:35+00:00,,0,,,,en,1,Khoros CX,BB
1.51939E+18,@Shock1z We can feel that pain even now.,2022-04-27 18:39:55+00:00,,0,,,,en,0,Khoros CX,BB
1.51939E+18,@therowdywriter Support for password saves arrived in 1987 and was available in select games.,2022-04-27 18:38:59+00:00,,0,,,,en,2,Khoros CX,BB
1.51938E+18,@ADreamAmerican Oof. Or would that be 00f?,2022-04-27 18:31:46+00:00,,0,,,,en,1,Khoros CX,BB
1.51938E+18,@GS3 Touch√©.,2022-04-27 18:15:03+00:00,,0,,,,fr,1,Khoros CX,BB
1.51938E+18,80s kids know that true sadness is when you lose your NES game password saves.,2022-04-27 18:00:02+00:00,,10,,,,en,44,Twitter Web App,BB
1.51937E+18,@everliz41 It sounds like it's time for a vacation.,2022-04-27 17:53:32+00:00,,0,,,,en,0,Khoros CX,BB
1.51937E+18,@thomasdelgado Of course! üèéÔ∏èüí®,2022-04-27 17:47:27+00:00,,0,,,,en,0,Khoros CX,BB
1.51937E+18,@drjack_84 That comedy duo deserves it.,2022-04-27 17:44:28+00:00,,0,,,,en,0,Khoros CX,BB
1.51937E+18,@druthedoctor A natural choice.,2022-04-27 17:34:52+00:00,,0,,,,en,0,Khoros CX,BB
1.51936E+18,@GS3 Summer is coming...,2022-04-27 16:53:00+00:00,,0,,,,en,0,Khoros CX,BB
1.51936E+18,@itsbasiltime We hear that.,2022-04-27 16:52:27+00:00,,0,,,,en,0,Khoros CX,BB
1.51934E+18,"@Ten0fDiamonds It happens to the best of us, especially when our fury friends are involved! üêàüêæ",2022-04-27 15:52:06+00:00,,0,,,,en,1,Khoros CX,BB
1.51933E+18,Working remotely is like if every day was bring-your-child-to-work day.,2022-04-27 15:00:03+00:00,,5,,,,en,40,Twitter Web App,BB
1.51933E+18,@CyberLifeStorm That's quite the list. Which of those do you most want to see in 4K?,2022-04-27 14:50:05+00:00,,0,,,,en,0,Khoros CX,BB
1.51933E+18,@JMenitta Great choice! Here are some additional TVs within your desired budget doing 120Hz for all your gaming needs:  https://t.co/7qeBg80Vr4.,2022-04-27 14:47:39+00:00,,0,,,,en,0,Khoros CX,BB
1.51933E+18,@Wallnut1976 Need a 4K copy of the sequels to go along with the 40th-anniversary release. https://t.co/svC8DdnDmH,2022-04-27 14:43:16+00:00,,0,,,,en,0,Khoros CX,BB
1.51933E+18,@Pat_Cusick That movie was a staple of 80s afternoon cable.,2022-04-27 14:39:57+00:00,,0,,,,en,1,Khoros CX,BB
1.51933E+18,@DelRealCalleros A scary good choice. üßü‚Äç‚ôÄÔ∏è,2022-04-27 14:38:31+00:00,,0,,,,en,0,Khoros CX,BB
1.51932E+18,"@foodnutlove Have you seen the 35th Anniversary set? Comes with the trilogy with SteelBook covers in 4K UHD, Blu-ray and digital versions all included. https://t.co/zOENz4ferW",2022-04-27 14:34:34+00:00,,0,,,,en,0,Khoros CX,BB
1.51932E+18,@izzyortiz81 Imagine a 4K crossover between the two.,2022-04-27 14:31:46+00:00,,0,,,,en,0,Khoros CX,BB
1.51932E+18,@ramont_booker Good news! https://t.co/i8lrlWDnza,2022-04-27 14:29:18+00:00,,0,,,,en,1,Khoros CX,BB
1.51932E+18,@Takumis06601188 We hope this movie speeds its way to a 4K treatment soon.,2022-04-27 14:10:43+00:00,,0,,,,en,1,Khoros CX,BB
1.51932E+18,@eastcoastmomma1 Getting an issue resolved with your important tech is a priority for us. Thanks for letting our Geek Squad Agents help you reunite your son with their favorite gadget.,2022-04-27 14:09:42+00:00,,0,,,,en,0,Khoros CX,BB
1.51932E+18,@Born_2B_Naughty We get chills just thinking about it.,2022-04-27 14:09:25+00:00,,0,,,,en,1,Khoros CX,BB
1.51932E+18,"@VGArtAndTidbits Ah, the memories.",2022-04-27 14:08:43+00:00,,1,,,,en,7,Khoros CX,BB
1.51932E+18,@TomSFenwick Wonder if Speed annoys local drivers by using the Mach 5's air jack jump feature to sneak through morning traffic jams.,2022-04-27 14:01:40+00:00,,0,,,,en,1,Khoros CX,BB
1.51932E+18,@Max23553651 We would watch that again and again and again.,2022-04-27 14:00:17+00:00,,0,,,,en,0,Khoros CX,BB
1.51931E+18,@lightning46 We're on-board with that.,2022-04-27 13:46:54+00:00,,0,,,,en,0,Khoros CX,BB
1.51931E+18,@yarsftks That's a great start.,2022-04-27 13:44:08+00:00,,0,,,,en,0,Khoros CX,BB
1.51907E+18,"@SpeedRacer4K We're trying to keep up, but Speed always seems to leave us in his dust. üèéÔ∏èüí®üêíüßíüèÅ",2022-04-26 22:00:31+00:00,,0,,,,en,1,Khoros CX,BB
1.51907E+18,"@bufffalostark1 Ah, jeez. You're right.",2022-04-26 21:47:14+00:00,,0,,,,en,0,Khoros CX,BB
1.51907E+18,@xaminm We definitely need that.,2022-04-26 21:44:58+00:00,,0,,,,en,0,Khoros CX,BB
1.51907E+18,@dub_projay You're in luck. It exists: https://t.co/y5E807KVIR.,2022-04-26 21:41:55+00:00,,0,,,,en,0,Khoros CX,BB
1.51907E+18,@kev1006 ü§ì,2022-04-26 21:36:29+00:00,,0,,,,und,0,Khoros CX,BB
1.51907E+18,@Eleven7eventeen We believe you can overcome the challenge of regular price and come out of this a better person.,2022-04-26 21:25:21+00:00,,0,,,,en,0,Khoros CX,BB
1.51906E+18,@Eleven7eventeen We believe in you.,2022-04-26 21:09:38+00:00,,0,,,,en,0,Khoros CX,BB
1.51906E+18,@Volfogg3G Take a look at the other responses. There's more of you than you think. üèéÔ∏èüí®,2022-04-26 21:08:25+00:00,,0,,,,en,1,Khoros CX,BB
1.51906E+18,"@KALELIII Needs 4K for the visuals, HDR for the colors, and the best sound system available for the soundtrack.",2022-04-26 21:07:33+00:00,,0,,,,en,0,Khoros CX,BB
1.51906E+18,"@Webber__07 4K Mach 5? Yes, please. üèéÔ∏èüí®",2022-04-26 21:06:28+00:00,,1,,,,en,4,Khoros CX,BB
1.51906E+18,"@pmarsh92 Racer X probably hid it, along with the fact that he is really Speed's long-lost brother, Rex Racer.",2022-04-26 21:04:38+00:00,,0,,,,en,1,Khoros CX,BB
1.51906E+18,@balloonpup Definitely.,2022-04-26 21:01:42+00:00,,0,,,,en,2,Khoros CX,BB
1.51906E+18,"@Mach5Museum Admit it, you just want Ultra HD Chim Chim.",2022-04-26 21:00:58+00:00,,0,,,,en,10,Khoros CX,BB
1.51906E+18,@Z00STATI0N Not sure even 4K can contain that movie.,2022-04-26 20:59:25+00:00,,0,,,,en,2,Khoros CX,BB
1.51906E+18,@jedidarrick Han shot first.,2022-04-26 20:57:18+00:00,,0,,,,en,1,Khoros CX,BB
1.51906E+18,@CaramelJenkins Seriously.,2022-04-26 20:56:56+00:00,,0,,,,en,0,Khoros CX,BB
1.51936E+18,Tune in to a brand new episode of #TheKardashians  TONIGHT at 9PM PT /  12AM ET on @hulu üíï Episode releases internationally on @disneyplus and @starplusla at midnight @kardashianshulu https://t.co/iid6U1EG7k,2022-04-27 17:03:49+00:00,TheKardashians,126,photo,video,,en,1391,Twitter for iPhone,KK
1.51935E+18,"RT @skims: JUST DROPPED: NEW SOFT LOUNGE.
The internet‚Äôs favorite loungewear is back and better than ever! Shop all new styles, new colors,‚Ä¶",2022-04-27 16:05:43+00:00,,34,,,,en,0,Twitter for iPhone,KK
1.51911E+18,You are just so nice today mom! I didn‚Äôt even know you had twitter but what a nice surprise to see how you feel about me https://t.co/M1ReCZSBiY,2022-04-27 00:08:05+00:00,,2619,,,,en,73339,Twitter for iPhone,KK
1.51911E+18,Oh mom stop! I‚Äôm blushing üòä üòâ https://t.co/mgeq3ggmDq,2022-04-27 00:07:23+00:00,,992,,,,en,26631,Twitter for iPhone,KK
1.51907E+18,Also I felt so honored to wear a special dress to the special night! Manfred Mugler made this dress for me last year before he passed away and I just felt the magic in him when I wore it! üïä https://t.co/KHnVBYnDSO,2022-04-26 21:40:04+00:00,,633,photo,"photo, photo",,en,15470,Twitter for iPhone,KK
1.51907E+18,"THE KARDASHIANS PREMIERE! 

We premiered two weeks ago and I‚Äôm blown away that we had the highest premiere in HULU History! Beyond grateful when we heard that news!! https://t.co/FT5CVFojNl",2022-04-26 21:37:39+00:00,,906,photo,"photo, photo, photo",,en,23189,Twitter for iPhone,KK
1.51893E+18,Thank you @potus for recognizing that there are many deserving people inside who deserve a second chance! https://t.co/iCh1LwXQPV,2022-04-26 12:39:59+00:00,,122,,,,en,1558,Twitter for iPhone,KK
1.51875E+18,Best news ever! üôèüèº Melissa Lucio has been on death row for over 14 years for her daughter‚Äôs death that was a tragic accident. She is getting a hearing on her claims for her case &amp; has been granted a stay of execution by the Texas Court of Criminal Appeals. https://t.co/NuCv4vOgJl,2022-04-26 00:17:39+00:00,,210,,,,en,2772,Twitter for iPhone,KK
1.51863E+18,"RT @skims: COMING SOON: NEW SOFT LOUNGE.
We‚Äôre adding new styles and colors to our most-coveted loungewear collection ‚Äî plus restocking you‚Ä¶",2022-04-25 16:30:46+00:00,,54,,,,en,0,Twitter for iPhone,KK
1.51835E+18,Today is the 107th anniversary of the #ArmenianGenocide. Let‚Äôs all stand together &amp; remember the 1.5 million people who were massacred. I‚Äôm so proud that America recognizes the Armenian Genocide. #NeverForget üôèüèºüá¶üá≤ https://t.co/cS3ULa9Awo,2022-04-24 22:18:45+00:00,"ArmenianGenocide, NeverForget",803,photo,"photo, photo",,en,8198,Twitter for iPhone,KK
1.51791E+18,"Only one week left to shop our @kkwfragrance 40% off sitewide sale! Shop now before they‚Äôre gone for good! Ends Saturday, 4.30 at 11:59PM PT https://t.co/tbQezJs782 https://t.co/E45FKrSlmz",2022-04-23 16:35:56+00:00,,93,photo,photo,,en,1633,Twitter for iPhone,KK
1.51789E+18,Trifecta https://t.co/uqfIOiTzgl,2022-04-23 15:36:14+00:00,,1862,photo,photo,,es,68187,Twitter for iPhone,KK
1.51755E+18,Just added new items to my #KardashianKloset üõç Check them out now https://t.co/fTHv96YJsu,2022-04-22 17:02:47+00:00,KardashianKloset,119,,,,en,1869,Twitter for iPhone,KK
1.51717E+18,"RT @skims: JUST DROPPED: RASPBERRY COTTON
The color of the season is here! Shop Cotton rib and jersey loungewear and underwear plus matchin‚Ä¶",2022-04-21 16:02:20+00:00,,54,,,,en,0,Twitter for iPhone,KK
1.51717E+18,"RT @KKWFRAGRANCE: Shower mom with fragrance this Mother's Day. Scent is closely tied to memory, so she'll think of you each time she wears‚Ä¶",2022-04-21 16:02:17+00:00,,91,,,,en,0,Twitter for iPhone,KK
1.51712E+18,Good morning ‚òÄÔ∏è,2022-04-21 12:45:20+00:00,,1272,,,,en,27799,Twitter for iPhone,KK
1.517E+18,I love that you guys get to see the behind the scenes of SNL! This week was so crazy! #TheKardashians,2022-04-21 04:44:56+00:00,TheKardashians,131,,,,en,4045,Twitter for iPhone,KK
1.517E+18,RT @kylieIands: a queen!! @KimKardashian #TheKardashians #TheKardashians https://t.co/Aon2U2GB4g,2022-04-21 04:43:28+00:00,"TheKardashians, TheKardashians",47,photo,animated_gif,,en,0,Twitter for iPhone,KK
1.517E+18,Love you @MakeupByMario ü§ç https://t.co/FrVZlcyWuk,2022-04-21 04:43:26+00:00,,40,,,,en,901,Twitter for iPhone,KK
1.517E+18,He‚Äôs the absolute best. I love him so much!! He makes me cry when he cries https://t.co/A0IF4V2yRw,2022-04-21 04:43:15+00:00,,116,,,,en,3691,Twitter for iPhone,KK
1.517E+18,I love this!!! https://t.co/Tac0IHPB9E,2022-04-21 04:41:52+00:00,,39,,,,en,978,Twitter for iPhone,KK
1.517E+18,"RT @khloewifey: Kim, the comedy queen!! #TheKardashians #TheKardashians #TheKardashians #TheKardashians @KimKardashian @kardashianshulu htt‚Ä¶",2022-04-21 04:39:32+00:00,"TheKardashians, TheKardashians, TheKardashians, TheKardashians",37,,,,en,0,Twitter for iPhone,KK
1.517E+18,üíì https://t.co/XaOOhtsKJf,2022-04-21 04:39:04+00:00,,142,,,,und,5763,Twitter for iPhone,KK
1.517E+18,OMG I really am JK https://t.co/beR9SWrmdE,2022-04-21 04:37:45+00:00,,38,,,,en,1023,Twitter for iPhone,KK
1.517E+18,Hehe glad you‚Äôre not mad!!! #TheKardashians https://t.co/8iM5XfEHpq,2022-04-21 04:35:30+00:00,TheKardashians,73,,,,en,1777,Twitter for iPhone,KK
1.517E+18,üôèüèº https://t.co/ahkKJ2uDN9,2022-04-21 04:27:48+00:00,,38,,,,und,571,Twitter for iPhone,KK
1.517E+18,@khloekardashian @Khlocaine_ OMG üòÇ,2022-04-21 04:21:57+00:00,,17,,,,und,426,Twitter for iPhone,KK
1.517E+18,No one was safe üòÇ #TheKardashians https://t.co/zU4vKK12R5,2022-04-21 04:21:40+00:00,TheKardashians,55,,,,en,1231,Twitter for iPhone,KK
1.51699E+18,RT @BeautyByRog: It‚Äôs so cool seeing the candids of Kim from SNL week and now seeing the BTS. I loveeeee it #TheKardashians,2022-04-21 04:19:26+00:00,TheKardashians,24,,,,en,0,Twitter for iPhone,KK
1.51699E+18,üìö‚öñÔ∏è‚ú® https://t.co/dM8LIVhD7q,2022-04-21 04:18:41+00:00,,30,,,,und,546,Twitter for iPhone,KK
1.51699E+18,RT @kardashianshulu: cheers to that. episode 2 of #TheKardashians is now streaming. https://t.co/LIyp7geD1r,2022-04-21 04:16:39+00:00,TheKardashians,193,photo,video,,en,0,Twitter for iPhone,KK
1.51699E+18,@DashDolls831 Facts!,2022-04-21 04:13:02+00:00,,5,,,,en,31,Twitter for iPhone,KK
1.51699E+18,ü§ç https://t.co/eiIDF9Ol7V,2022-04-21 04:09:10+00:00,,27,,,,und,528,Twitter for iPhone,KK
1.51699E+18,Love u!!! https://t.co/LLUzzgxZuX,2022-04-21 04:06:13+00:00,,59,,,,en,1089,Twitter for iPhone,KK
1.51699E+18,ü§ç https://t.co/qPo90HoJ0Y,2022-04-21 04:04:48+00:00,,25,,,,und,431,Twitter for iPhone,KK
1.51699E+18,RT @khloewifey: TUNING IN RIGHT NOW #TheKardashians #TheKardashians #TheKardashians #TheKardashians #TheKardashians #TheKardashians @kardas‚Ä¶,2022-04-21 04:04:33+00:00,"TheKardashians, TheKardashians, TheKardashians, TheKardashians, TheKardashians, TheKardashians",17,,,,en,0,Twitter for iPhone,KK
1.51699E+18,Love you! https://t.co/UjvPXE0FaW,2022-04-21 03:58:07+00:00,,20,,,,en,574,Twitter for iPhone,KK
1.51699E+18,@ZACHARYSPENCER_ Hey boo üíã,2022-04-21 03:57:42+00:00,,2,,,,en,55,Twitter for iPhone,KK
1.51699E+18,@NoemyeWest üòÇ,2022-04-21 03:51:10+00:00,,3,,,,und,35,Twitter for iPhone,KK
1.51699E+18,Duh! ü§ç https://t.co/cjYEeLSnpv,2022-04-21 03:50:52+00:00,,44,,,,und,680,Twitter for iPhone,KK
1.51699E+18,15 minutes until the new episode of #TheKardashians Who‚Äôs watching w us???,2022-04-21 03:44:53+00:00,TheKardashians,317,,,,en,8733,Twitter for iPhone,KK
1.51686E+18,So grateful üôèüèºü§ç https://t.co/kvzCd43vmS,2022-04-20 19:27:38+00:00,,151,,,,en,3051,Twitter for iPhone,KK
1.51684E+18,Tune in to the new episode of #TheKardashians tonight! @kardashianshulu airs on @hulu at 9PM PT / 12AM ET https://t.co/y8Bv86ItlD,2022-04-20 17:48:05+00:00,TheKardashians,348,photo,video,,en,4908,Twitter for iPhone,KK
1.51682E+18,"Thank you to all of our fans and supporters for the biggest launch ever! I love you guys!!! #TheKardashians is the #1 most watched series premiere on Hulu in the US and Disney+ and Star+ globally. 
 https://t.co/4KvF7BKRrS",2022-04-20 16:30:47+00:00,TheKardashians,208,,,,en,2418,Twitter for iPhone,KK
1.5168E+18,RT @Variety: ‚ÄòThe Kardashians‚Äô Becomes Hulu‚Äôs Most-Watched Premiere In America¬†(EXCLUSIVE) https://t.co/DreVxSJo4S,2022-04-20 15:40:01+00:00,,299,,,,en,0,Twitter for iPhone,KK
1.51645E+18,"RT @skims: COMING SOON: RASPBERRY COTTON. Our most-tagged Cotton sets are coming back in a sweet new color.
Join the waitlist for the all-n‚Ä¶",2022-04-19 16:02:04+00:00,,55,,,,en,0,Twitter for iPhone,KK
1.51941E+18,Proud Boys Member Pleads Guilty to Felony Charge for Offenses Committed During January 6 Capitol Breach @FBIWFO @FBIKansasCity https://t.co/cEL12A6Tq3,2022-04-27 20:30:02+00:00,,69,,,,en,163,Hootsuite Inc.,FBI
1.51939E+18,"The #FBI sends our condolences to the family, friends, and colleagues of Officer Dominic Francis. He served the Bluffton Police Department for 19 years. https://t.co/ruFLWZt679",2022-04-27 18:57:59+00:00,FBI,26,photo,photo,,en,143,Hootsuite Inc.,FBI
1.51939E+18,"A9. To report online child sexual exploitation, visit the CyberTipline at https://t.co/71K1STRQIb or call 1-800-843-5678. @MissingKids operates this resource in partnership with the #FBI and other law enforcement agencies. #NCAPM https://t.co/co3Am4lM5A",2022-04-27 18:52:36+00:00,"FBI, NCAPM",63,,,,en,103,Twitter Web App,FBI
1.51939E+18,"A8c. Finally, be willing to ask for help, and don‚Äôt be afraid to use the block button. Report behavior that doesn‚Äôt feel right to a website administrator or a trusted adult. And if you‚Äôre victimized, tell someone. #NCAPM",2022-04-27 18:48:12+00:00,NCAPM,27,,,,en,72,Twitter Web App,FBI
1.51939E+18,"A8b. More tips: 
‚òëÔ∏è Know people can impersonate anyone online. Videos and photos don‚Äôt necessarily prove that a person is who they claim to be.  
‚òëÔ∏è If you meet someone on one game or app and they ask you to start talking to them on a different platform, that's a red flag.
#NCAPM",2022-04-27 18:48:12+00:00,NCAPM,33,,,,en,92,Twitter Web App,FBI
1.51939E+18,"A8a. Here‚Äôs some advice, straight from #FBI agents who investigate crimes against children:

‚òëÔ∏è Be selective about what you share online. 
‚òëÔ∏è Be wary of anyone you encounter for the first time online.
‚òëÔ∏è Block or ignore messages from strangers. 

#NCAPM https://t.co/TQAyt87QSN",2022-04-27 18:48:11+00:00,"FBI, NCAPM",68,,,,en,126,Twitter Web App,FBI
1.51939E+18,A7. Cultivating an atmosphere in which children feel like can talk to their caregivers about anything can help reduce the stigma associated with reporting victimization. Check out #FBI-approved conversation starters about the sextortion threat at https://t.co/yXUXtmTMVC. #NCAPM https://t.co/xxX20TIrDr,2022-04-27 18:39:57+00:00,"FBI, NCAPM",34,,,,en,74,Twitter Web App,FBI
1.51938E+18,"RT @MissingKids: We're halfway through the Twitter chat, great engagement! Let's keep the conversation going! If we don't talk about it, it‚Ä¶",2022-04-27 18:30:16+00:00,,37,,,,en,0,Twitter Web App,FBI
1.51938E+18,"A5b. If a young person is being exploited, they are the victim of a crime and should report it to the #FBI by dialing 1-800-CALL-FBI, sharing information with us at https://t.co/iL7sD5efWD, or calling their local FBI field office. #NCAPM https://t.co/EY4ZBBhKW5",2022-04-27 18:30:01+00:00,"FBI, NCAPM",25,,,,en,49,Twitter Web App,FBI
1.51938E+18,A5a. Youth can reach out to websites where their explicit photos or videos are hosted to request their removal. They can also visit https://t.co/71K1STRQIb to file a report with @MissingKids‚Äôs CyberTipline if they need backup on this front. #NCAPM https://t.co/WIsUlehnDx https://t.co/wlT3hfzttI,2022-04-27 18:30:00+00:00,NCAPM,49,photo,photo,,en,71,Twitter Web App,FBI
1.51938E+18,"A3. Sextortion victims may feel too ashamed, afraid, and/or confused to come forward. They may also fear indictment on child pornography charges, punishment from caregivers, and/or losing access to their tech devices. https://t.co/yXUXtmTMVC #NCAPM https://t.co/ANlvEpvxqX https://t.co/E4KNWWxd98",2022-04-27 18:17:56+00:00,NCAPM,66,photo,photo,,en,110,Twitter Web App,FBI
1.51938E+18,"A2c. Understanding local threats is also key. Visit 
@TheJusticeDept‚Äôs National Sex Offender Public Website at https://t.co/NPDdJykdrd to look up the identity and location of known sex offenders in your area. #NCAPM",2022-04-27 18:14:28+00:00,NCAPM,27,,,,en,56,Twitter Web App,FBI
1.51938E+18,A2b. Tell your children to be extra cautious when chatting with people online who they don‚Äôt know in real life. And forbid them from planning meetups with people they meet online without your presence and permission. https://t.co/yXUXtmTMVC https://t.co/Vudo8Obni4,2022-04-27 18:10:55+00:00,,16,photo,photo,,en,55,Twitter Web App,FBI
1.51938E+18,A2a. It's crucial for caregivers to talk openly‚Äîand regularly‚Äîto the kids in their care about safe and appropriate online behavior. Teach them to recognize red flags before they get the chance to encounter them in the wild. #NCAPM https://t.co/yXUXtmTMVC https://t.co/Uh3iKFLrQB,2022-04-27 18:10:53+00:00,NCAPM,42,,,,en,116,Twitter Web App,FBI
1.51938E+18,"A1b. Recently, the #FBI has seen a dramatic increase in the number of cases involving children and teens being threatened and coerced by adults into sending explicit images online‚Äîa crime called sextortion. Learn more about this threat at https://t.co/yXUXtmTMVC. #NCAPM https://t.co/Q0HluAhbqK",2022-04-27 18:05:02+00:00,"FBI, NCAPM",40,photo,photo,,en,69,Twitter Web App,FBI
1.51938E+18,"A1a. Each year, thousands of children become victims of crimes‚Äîwhether it‚Äôs through kidnappings, violent attacks, sexual abuse, or online predators. Get the #FBI's tips for protecting your kids from these threats at https://t.co/4UOJl1gPrI. #NCAPM https://t.co/SBz10Nbaik",2022-04-27 18:05:00+00:00,"FBI, NCAPM",47,,,,en,83,Twitter Web App,FBI
1.51938E+18,RT @MissingKids: Thank you for joining us for the #NCAPM chat. Let‚Äôs get started!,2022-04-27 18:01:21+00:00,NCAPM,17,,,,en,0,Twitter Web App,FBI
1.51938E+18,RT @MissingKids: The #NCAPM Twitter chat starts in just a few minutes ‚Äî join us! https://t.co/UR5m2kEjbk,2022-04-27 18:00:52+00:00,NCAPM,16,photo,photo,,en,0,Twitter Web App,FBI
1.51934E+18,"#Cybersecurity agencies across the U.S., Australia, Canada, New Zealand, and the U.K. released a joint #CybersecurityAdvisory detailing the top 15 common vulnerabilities, or #CVEs, exploited by malicious #cyber actors in 2021. Read about it at https://t.co/FSjbZf5m8G. https://t.co/Jj1eW39lJZ",2022-04-27 15:40:50+00:00,"Cybersecurity, CybersecurityAdvisory, CVEs, cyber",57,photo,photo,,en,122,Hootsuite Inc.,FBI
1.51932E+18,"Join the #FBI and child safety experts from the National Center for Missing &amp; Exploited Children (@MissingKids) today at 2 p.m. ET for a #ChildAbusePreventionMonth Twitter chat. If we don‚Äôt talk about online child sexual exploitation, it won‚Äôt stop. Join the conversation. #NCAPM https://t.co/iarcxTWgM9",2022-04-27 14:00:39+00:00,"FBI, ChildAbusePreventionMonth, NCAPM",88,photo,photo,,en,153,Hootsuite Inc.,FBI
1.5193E+18,"On this Administrative Professionals Day, we look back at assistants who were crucial to the #FBI during its earliest days: https://t.co/CJkuOU9Bou https://t.co/B6PeJKatUN",2022-04-27 13:18:13+00:00,FBI,27,photo,"photo, photo",,en,103,Twitter Web App,FBI
1.5193E+18,"At the #FBI, excellence is in the details. Every day‚Äîbut especially on Administrative Professionals Day‚Äîwe honor the colleagues whose dedication helps us make big strides towards ensuring justice for all. https://t.co/CJkuOU9Bou https://t.co/wjWRuLBgh5",2022-04-27 13:18:13+00:00,FBI,48,photo,photo,,en,159,Twitter Web App,FBI
1.51916E+18,Defendant Who Ordered Fentanyl Through Snapchat Sentenced to Prison @FBIRichmond https://t.co/WY56t4KMpP https://t.co/uF7DqlGXM0,2022-04-27 03:30:02+00:00,,65,photo,photo,,en,250,Hootsuite Inc.,FBI
1.51914E+18,Have you seen Miguel Angel Hermosillio-Alcaraz? He's #wanted by the #FBI for his alleged involvement in his ex-girlfriend's 2003 murder. She was fatally shot while sitting in her parked vehicle with her child in the back seat. @FBIMostWanted @FBIColumbia https://t.co/srXsQeLLa4 https://t.co/1ggpIZAo4l,2022-04-27 02:38:09+00:00,"wanted, FBI",121,photo,photo,,en,144,Hootsuite Inc.,FBI
1.51898E+18,"Join #FBI #Cyber Intelligence Analyst Joel Max at today‚Äôs webinar, hosted by the Midwest Reliability Organization‚Äôs Security Advisory Council. Panelists will discuss information sharing and public/private partnerships. Register at https://t.co/eb03EO7luQ.  #CyberIsATeamSport https://t.co/axxduyxVlk",2022-04-26 15:44:36+00:00,"FBI, Cyber, CyberIsATeamSport",56,photo,photo,,en,161,Twitter Web App,FBI
1.51893E+18,"Since cyber attacks are a  global issue, the #FBI has legal attach√©s in over 70 U.S. embassies around the world and law enforcement partnerships in each of these countries. Visit https://t.co/ZUL27yjSqn to learn what that means for your organization. #CyberRiskIsBusinessRisk",2022-04-26 12:16:25+00:00,"FBI, CyberRiskIsBusinessRisk",72,,,,en,179,Hootsuite Inc.,FBI
1.51878E+18,"The #FBI sends our condolences to the family, friends, and colleagues of K-9 Police Officer Andrew ""Drew"" Barr. He served the Cayce Police Department (@CaycePD) for six years. He also served as a captain with the Monetta Volunteer Fire Department. https://t.co/dXmkktE3fq",2022-04-26 02:44:47+00:00,FBI,69,photo,photo,,en,363,Hootsuite Inc.,FBI
1.51869E+18,Wray also highlighted the #FBI‚Äôs use of partnerships to combat surging violent crime in American cities and called for heightened attention to attacks on law enforcement officers‚Äînoting that that an officer was killed nearly every five days in 2021. https://t.co/79GfIBNi3R https://t.co/3JcfGU3jS3,2022-04-25 20:44:46+00:00,FBI,34,photo,photo,,en,92,Twitter Web App,FBI
1.51869E+18,"Wray called China's government and the Chinese Communist Party the foremost threats to U.S. national security, in terms of counterintelligence. Their thirst for ‚Äúour innovation, our trade secrets, [and] our intellectual property‚Äù knows no bounds, he noted. https://t.co/79GfIBNi3R https://t.co/78T5GKGOhf",2022-04-25 20:43:25+00:00,,52,photo,photo,,en,140,Twitter Web App,FBI
1.51869E+18,Director Wray also talked to @60Minutes about the wide array of threats the #FBI neutralizes on any given day before they ever have the chance to make headlines‚Äîfrom homegrown terrorism to cyberattacks. https://t.co/79GfIBNi3R https://t.co/lqXGwRnxig,2022-04-25 20:41:23+00:00,FBI,20,photo,photo,,en,73,Twitter Web App,FBI
1.51869E+18,"Wray said the #FBI is watching for the potential of increased Russian cyber attacks, and explained how the Bureau is using partnerships and operational preparedness to respond. https://t.co/79GfIBNi3R https://t.co/2SZf7cTZDZ",2022-04-25 20:33:00+00:00,FBI,34,photo,photo,,en,87,Twitter Web App,FBI
1.51869E+18,"In a new interview with @60Minutes, #FBI Director Christopher Wray discussed the Bureau's simultaneous efforts to defend against malicious Russian cyber activity, combat stateside violence, tackle terrorism, and counter Chinese economic espionage. https://t.co/79GfIBNi3R",2022-04-25 20:30:45+00:00,FBI,135,,,,en,316,Twitter Web App,FBI
1.51868E+18,NBA Player's Personal Assistant Sentenced to 70 Months for Theft of $4.7 Million @FBIPhoenix https://t.co/C9IjdhAUKs https://t.co/iuNk4lB8zZ,2022-04-25 20:00:23+00:00,,55,photo,photo,,en,181,Hootsuite Inc.,FBI
1.51864E+18,#DYK that one of the biggest risks to young people can come right through the closed door of your home‚Äîright into your child‚Äôs bedroom‚Äîvia a phone or computer? Revisit a 2020 episode of our Inside the FBI podcast to learn about the sextortion threat. #CAPM https://t.co/7Iey4aDuyp,2022-04-25 17:09:18+00:00,"DYK, CAPM",72,,,,en,149,Twitter Web App,FBI
1.51855E+18,"The #FBI honors Special Agent Douglas M. Price, who was fatally shot #OTD in 1968 during a Bureau operation to apprehend a fugitive who was wanted for murder and car theft. #WallOfHonor https://t.co/7E4BS8TddL https://t.co/TtQsUwTqU8",2022-04-25 11:00:42+00:00,"FBI, OTD, WallOfHonor",58,photo,photo,,en,328,Hootsuite Inc.,FBI
1.51835E+18,"Former Tennessee Supervisory Corrections Officer Pleads Guilty to Civil Rights Violations for Assaulting Inmate @FBIMemphis 
https://t.co/9EXOlI8oSj https://t.co/5JIO3HMQ6X",2022-04-24 22:00:21+00:00,,84,photo,photo,,en,252,Hootsuite Inc.,FBI
1.51832E+18,Former Oklahoma Supervisory Corrections Officer Convicted for Facilitating White Supremacist Assault on Black Inmates and Ordering Other Abuse @FBIOklahomaCity https://t.co/maomWChhAj https://t.co/EisPuzhXqx,2022-04-24 20:00:26+00:00,,124,photo,photo,,en,304,Hootsuite Inc.,FBI
1.51826E+18,"In December 2020, Kelley Marie Smith was murdered while delivering meals for Uber Eats with her husband. The #FBI is offering up to $15,000 for tips that lead to the arrest and conviction of whoever was responsible. @FBIPortland https://t.co/voeciwzqar https://t.co/haf1Gg8YOk",2022-04-24 16:00:48+00:00,FBI,159,photo,photo,,en,228,Hootsuite Inc.,FBI
1.51817E+18,"During #ChildAbusePreventionMonth and every month, you can visit https://t.co/HniU0d9pt2 to help the #FBI capture fugitives who allegedly abused or exploited children. There is no clue or piece of information too small. #CAPMonth https://t.co/B41dEZaggY",2022-04-24 10:00:11+00:00,"ChildAbusePreventionMonth, FBI, CAPMonth",112,,,,en,232,Hootsuite Inc.,FBI
1.51796E+18,Naturopathic Doctor Pleads Guilty to Fake COVID-19 Immunization and Vaccination Card Scheme @FBISanFrancisco https://t.co/YkzFp7CZPe https://t.co/iSpMO85xhf,2022-04-23 20:00:26+00:00,,104,photo,photo,,en,325,Hootsuite Inc.,FBI
1.51787E+18,"In 2019, Badraldeen Mohamad Elwaseem was fatally struck by a stray bullet while in his apartment kitchen. Today, the #FBI needs your help to close this case. We're offering up to $25,000 for tips leading to the arrest of whoever's responsible. @FBIBuffalo https://t.co/LLtnbWxSMX https://t.co/mh7UM3qGsu",2022-04-23 14:01:08+00:00,FBI,133,photo,photo,,en,213,Hootsuite Inc.,FBI
1.51781E+18,April is #ChildAbusePreventionMonth. Learn about the many ways the #FBI works to investigate crimes against children. https://t.co/B41dEZaggY https://t.co/7oEiO8Ohjz,2022-04-23 10:00:11+00:00,"ChildAbusePreventionMonth, FBI",103,photo,photo,,en,265,Hootsuite Inc.,FBI
1.51759E+18,Join #FBI Cyber at #RSAC 2022 to learn how we use partnership and innovation to impose risk and consequences on cyber adversaries. Visit https://t.co/QYPdwWnUKQ to learn more about the Bureau leaders who are slated to speak at this year's conference. https://t.co/CnAlErNzUs,2022-04-22 19:31:43+00:00,"FBI, RSAC",72,photo,photo,,en,172,Hootsuite Inc.,FBI
1.51757E+18,The #FBI has seen a dramatic increase in the number of cases involving children and teens being threatened and coerced by adults into sending explicit images online‚Äîa crime called sextortion. Here's what kids and caregivers need to know: https://t.co/zlaP1JrTYR #NCAPM https://t.co/6ghSgQc5Y9,2022-04-22 18:14:11+00:00,"FBI, NCAPM",187,photo,photo,,en,285,Hootsuite Inc.,FBI
1.51753E+18,"#ICYMI: Scheme to Steal from Crop Insurance Programs Lands Farmers, Insurance Agents in Prison @FBILouisville https://t.co/i8aTJJdpgi https://t.co/RZca5m4ELx",2022-04-22 16:01:57+00:00,ICYMI,61,photo,photo,,en,169,Hootsuite Inc.,FBI
1.51752E+18,.@TheJusticeDept Announces Nationwide Coordinated Law Enforcement Action to Combat Health Care-Related COVID-19 Fraud https://t.co/sBA3kf8CDr https://t.co/IrBak5JEqy,2022-04-22 15:22:52+00:00,,72,photo,photo,,en,191,Hootsuite Inc.,FBI
1.51744E+18,"The #FBI honors Special Agent W. Carter Baum, who was killed by gangster ""Baby Face"" Nelson #OTD in 1934. Baum was among a group of agents who were following up on a tip about the whereabouts of John Dillinger and members of his gang. #WallOfHonor https://t.co/XzLZuXfXS9 https://t.co/uudEiReKGU",2022-04-22 10:01:42+00:00,"FBI, OTD, WallOfHonor",67,photo,photo,,en,354,Hootsuite Inc.,FBI
1.51729E+18,Federal Jury Finds Ohio Man Guilty in Connection with Destructive Devices Found on Tug Boats @FBIPittsburgh #NatSec https://t.co/yRJ8ufLW9u,2022-04-22 00:00:04+00:00,NatSec,40,,,,en,130,Hootsuite Inc.,FBI
1.51726E+18,Man Sentenced to Two Years for Hoax Bomb Threats @FBIDallas #NatSec https://t.co/kp9ItPHJ3l https://t.co/Pi4uXayxh3,2022-04-21 22:06:58+00:00,NatSec,62,photo,photo,,en,245,Hootsuite Inc.,FBI
1.51724E+18,"RT @FBILasVegas: The FBI is committed to investigating, combating, and sharing reports of malicious cyber activity targeting the United Sta‚Ä¶",2022-04-21 20:40:45+00:00,,48,,,,en,0,Twitter Web App,FBI